auc,grid
0.8868400518468598,"{'colsample_bytree': 0.7810890415965769, 'gamma': 14.260714596148743, 'learning_rate': 0.02195981825434215, 'max_depth': 7, 'min_child_weight': 7.800932022121826, 'n_estimators': 966, 'reg_lambda': 1.4996237372700434, 'subsample': 0.7296244459829335}"
0.8959957927338176,"{'colsample_bytree': 0.7667980138986576, 'gamma': 2.143002268829112, 'learning_rate': 0.019526654188465584, 'max_depth': 7, 'min_child_weight': 48.49549260809972, 'n_estimators': 2015, 'reg_lambda': 14.078290635236252, 'subsample': 0.5003893829205072}"
