auc,grid
0.8868925318666708,"{'colsample_bytree': 0.7810890415965769, 'gamma': 14.260714596148743, 'learning_rate': 0.02195981825434215, 'max_depth': 7, 'min_child_weight': 7.800932022121826, 'n_estimators': 966, 'reg_lambda': 1.4996237372700434, 'subsample': 0.7296244459829335}"
0.8958817455916384,"{'colsample_bytree': 0.7667980138986576, 'gamma': 2.143002268829112, 'learning_rate': 0.019526654188465584, 'max_depth': 7, 'min_child_weight': 48.49549260809972, 'n_estimators': 2015, 'reg_lambda': 14.078290635236252, 'subsample': 0.5003893829205072}"
0.89303403811453,"{'colsample_bytree': 0.9972740457519261, 'gamma': 9.262222644415749, 'learning_rate': 0.018349594814648425, 'max_depth': 11, 'min_child_weight': 14.561457009902096, 'n_estimators': 1582, 'reg_lambda': 5.997914575728832, 'subsample': 0.5233328316068078}"
0.8799103662800105,"{'colsample_bytree': 0.9908144315945107, 'gamma': 3.4915701064545637, 'learning_rate': 0.002718193035984624, 'max_depth': 5, 'min_child_weight': 19.12309956335814, 'n_estimators': 1767, 'reg_lambda': 8.886218532930638, 'subsample': 0.5232252063599989}"
0.8724157495205064,"{'colsample_bytree': 0.8626406981655035, 'gamma': 2.557861855309373, 'learning_rate': 0.0019515477895583853, 'max_depth': 6, 'min_child_weight': 47.11008778424264, 'n_estimators': 513, 'reg_lambda': 12.125960221746917, 'subsample': 0.6523068845866853}"
